customer_id,first_name,last_name,email,phone,signup_date,city
1,Danielle,Johnson,danielle.johnson@yahoo.com,232.318.1960,2024-08-30,New Jamesside
2,Robert,Cole,robert.cole@yahoo.com,3268542351,2024-06-12,Cassandraton
3,Jessica,Herrera,jessica.herrera@yahoo.com,584-695-9310,2026-01-03,Port Craig
4,Joshua,Reid,joshua.reid@yahoo.com,(555)434-1928,2025-02-02,Veronicaside
5,Jeffrey,Nguyen,JEFFREY.NGUYEN@GMAIL.COM,505.964.1395,2024-12-21,Thomasberg
6,John,Hoffman,john.hoffman@yahoo.com,001-496-496-5328x7101,2025-09-01,Carlsonfurt
7,Patrick  ,Ferrell,patrick.ferrell@hotmail.com,280-618-4514x627,2025-12-25,New Rita
8,Monica,Evans,monica.evans@hotmail.com,793.625.2880x95701,2024-09-12,New Stacey
9,Christopher,Tucker,christopher.tucker@gmail.com,001-682-827-8248x96383,2026-01-09,Samuelhaven
10,Shannon,Wright,SHANNON.WRIGHT@GMAIL.COM,309-583-9301x03105,2024-10-07,Lewisberg
11,Jennifer,Khan,jennifer.khan@hotmail.com,337.263.1165x6670,2024-12-26,Laurenville
12,John,Lee,john.lee@yahoo.com,(362)247-3178,2025-06-04,North Sarabury
13,Gabriel,Tucker,gabriel.tucker@gmail.com,(502)660-6474x6872,2024-08-29,New Jillton
14,Julie  ,Brown,julie.brown@hotmail.com,388.520.8121x9136,2025-04-18,New Christophershire
15,Annette,Stewart,ANNETTE.STEWART@YAHOO.COM,353.246.2475,2025-01-30,North Amandahaven
16,Joseph,Mahoney,joseph.mahoney@gmail.com,254.627.8498,2025-11-30,East Josephville
17,Julia,Moore,julia.moore@yahoo.com,+1-235-234-8740x164,2024-11-11,Lake Tina
18,Evan,Ramos,evan.ramos@hotmail.com,(280)611-2805x98262,2024-12-01,West Jasonbury
19,Elizabeth,Gomez,elizabeth.gomez@hotmail.com,(392)832-2602x56342,2025-10-23,Walkermouth
20,Michael,Hoover,MICHAEL.HOOVER@GMAIL.COM,803.765.4145,2025-12-05,West Gregoryview
21,Benjamin  ,Carlson,benjamin.carlson@yahoo.com,001-556-798-1693x4060,2025-01-13,Cindyville
22,Jennifer,Evans,jennifer.evans@yahoo.com,+1-865-264-8236x62994,2024-10-23,South Kristi
23,Catherine,Morris,catherine.morris@yahoo.com,638.572.1489x513,2025-09-11,North Brandon
24,Tracey,Carr,tracey.carr@gmail.com,569.436.7632x016,2025-09-09,Williamsbury
25,Samantha,Martinez,SAMANTHA.MARTINEZ@GMAIL.COM,988.995.7986x872,2024-09-25,Port Dana
26,Katie,Boyd,katie.boyd@hotmail.com,347.414.3455,2024-07-17,Bensonborough
27,Caleb,Russell,caleb.russell@hotmail.com,760.636.6909x670,2025-08-07,Medinaside
28,Lauren  ,Hurst,lauren.hurst@yahoo.com,946.470.6562,2025-12-31,South Brittanytown
29,Christopher,Patterson,christopher.patterson@yahoo.com,(804)665-3755,2025-08-07,Kingland
30,Thomas,Curry,THOMAS.CURRY@GMAIL.COM,(931)300-3309x232,2025-04-08,South Holly
31,Katie,Jackson,katie.jackson@hotmail.com,001-512-341-9049x6631,2025-07-02,Melissaville
32,Laura,Knight,laura.knight@gmail.com,(786)951-8506x716,2025-07-09,Thompsonhaven
33,Tammy,Nelson,tammy.nelson@hotmail.com,001-877-769-4531x47379,2024-04-30,Hunterborough
34,Michael,Green,michael.green@yahoo.com,+1-948-908-3136x783,2025-01-24,North Kellyfurt
35,Heather  ,Torres,HEATHER.TORRES@HOTMAIL.COM,(678)585-6855x744,2024-06-28,West David
36,Amanda,Gill,amanda.gill@gmail.com,537.649.8941,2024-09-04,West Alexis
37,Amanda,Hill,amanda.hill@gmail.com,+1-942-971-0947,2024-11-16,West Shelleyfort
38,Danny,Jones,danny.jones@yahoo.com,390-822-9413,2025-05-05,Port Alexandra
39,Shannon,Ramos,shannon.ramos@hotmail.com,(349)490-9133x41232,2024-04-13,Norrisfort
40,Kelly,Hall,KELLY.HALL@HOTMAIL.COM,471-334-9361x8324,2024-05-20,Brookeshire
41,Samantha,Gonzales,samantha.gonzales@yahoo.com,001-746-648-8771x906,2024-04-28,Lake Mary
42,Barbara  ,Sampson,barbara.sampson@hotmail.com,390-927-8742x967,2024-11-21,Manuelville
43,Mia,Rivera,mia.rivera@hotmail.com,246.980.7154x5168,2025-01-01,New Michael
44,Katherine,Garrett,katherine.garrett@gmail.com,548.424.7710,2024-10-28,New Rickybury
45,Victoria,Durham,VICTORIA.DURHAM@YAHOO.COM,527-948-4677,2025-03-31,Leehaven
46,Julie,Taylor,julie.taylor@gmail.com,965-984-0449x972,2024-11-19,Gibsonmouth
47,Molly,Pollard,molly.pollard@gmail.com,001-463-960-5766,2025-12-21,New Tammy
48,Martin,Garcia,martin.garcia@yahoo.com,687-702-6217,2025-05-16,Santosmouth
49,Melissa  ,Villarreal,melissa.villarreal@yahoo.com,478-609-1343x16117,2025-11-12,West Lauraport
50,Michael,Jordan,MICHAEL.JORDAN@GMAIL.COM,569.922.2196x93792,2025-05-25,Scotttown
51,Rachel,Marshall,rachel.marshall@yahoo.com,+1-982-317-5946x47436,2024-09-11,Baileyport
52,Andrew,Greer,andrew.greer@yahoo.com,609-409-7439x533,2025-05-19,West Kristinaton
53,Bethany,Oconnor,bethany.oconnor@gmail.com,956-623-2858x8424,2025-08-03,Lindamouth
54,Sydney,Taylor,sydney.taylor@gmail.com,+1-868-751-6048x17549,2024-06-20,South Angel
55,Nicole,Hoffman,NICOLE.HOFFMAN@HOTMAIL.COM,617.946.1200,2024-06-25,New Derek
56,Shawn  ,Santiago,shawn.santiago@hotmail.com,001-786-592-6179x640,2025-01-21,Port Michael
57,Tina,Richardson,tina.richardson@hotmail.com,(706)543-1713x900,2026-01-05,North Maria
58,Angela,Willis,angela.willis@gmail.com,729-504-2284x21020,2025-04-24,East Josephberg
59,Judy,Fox,judy.fox@hotmail.com,577-258-9178,2025-07-22,Stephentown
60,Bruce,Mendoza,BRUCE.MENDOZA@YAHOO.COM,(717)871-1592x12499,2026-01-09,Shawnchester
61,Cory,Miles,cory.miles@hotmail.com,+1-883-767-3657x6615,2025-06-12,Stephaniefort
62,Carlos,Decker,carlos.decker@gmail.com,(215)628-0988x51656,2025-05-01,Dalehaven
63,Jason  ,Douglas,jason.douglas@gmail.com,258-651-4936,2024-04-30,Jacquelineport
64,Sandra,Bell,sandra.bell@gmail.com,(896)812-0183,2025-01-27,West Larry
65,Mark,Pugh,MARK.PUGH@HOTMAIL.COM,802-929-0147,2025-05-06,Nelsonhaven
66,Daniel,Jordan,daniel.jordan@yahoo.com,+1-497-684-0369x00343,2024-10-14,North Tylerchester
67,Gregory,James,gregory.james@hotmail.com,988.351.6060,2025-10-16,Berrychester
68,Keith,Sullivan,keith.sullivan@yahoo.com,(897)351-6136,2024-12-21,Juliebury
69,Mason,Jackson,mason.jackson@hotmail.com,+1-418-483-5523x1243,2025-08-12,East Stephaniefort
70,Steven  ,Elliott,STEVEN.ELLIOTT@HOTMAIL.COM,299.755.2717x744,2025-03-03,Steventon
71,Brian,Decker,brian.decker@gmail.com,+1-719-998-6798x0793,2025-02-27,South Dalemouth
72,Toni,Miller,toni.miller@hotmail.com,(703)777-8892,2025-11-21,Ortizmouth
73,Erika,Williams,erika.williams@hotmail.com,+1-451-751-8644x9251,2024-10-27,Andersonland
74,Kyle,Bennett,kyle.bennett@yahoo.com,(481)568-5054,2024-11-17,Leeberg
75,Eric,Phillips,ERIC.PHILLIPS@GMAIL.COM,988.205.9296x22292,2024-12-31,South Cheryl
76,Karen,Bowers,karen.bowers@gmail.com,+1-634-873-5977,2025-02-28,Burchborough
77,Laurie  ,Taylor,laurie.taylor@yahoo.com,4756818141,2025-01-25,Port Samuel
78,Stacey,Walker,stacey.walker@yahoo.com,(206)706-8536x153,2025-11-29,Laceyberg
79,Benjamin,Lowery,benjamin.lowery@yahoo.com,001-827-379-0104x328,2025-08-22,West David
80,John,Fowler,JOHN.FOWLER@HOTMAIL.COM,811.279.8089x324,2025-05-11,New Robert
81,Elizabeth,Miller,elizabeth.miller@yahoo.com,288-888-8067,2025-12-31,Juliestad
82,Kristina,Cooper,kristina.cooper@hotmail.com,+1-319-952-0585x27722,2024-05-05,North Kylie
83,Nina,Stewart,nina.stewart@yahoo.com,868.874.0345x05415,2025-08-01,Morganburgh
84,Tyler  ,Jimenez,tyler.jimenez@hotmail.com,716-616-9284x511,2024-10-25,Jacksonmouth
85,Michael,Williams,MICHAEL.WILLIAMS@YAHOO.COM,+1-964-201-6582x029,2024-07-01,Port Deanna
86,Michael,Herring,michael.herring@gmail.com,+1-727-655-7192x856,2024-09-19,North Jillfort
87,April,Mcintyre,april.mcintyre@gmail.com,447-939-4731x217,2026-01-11,Elizabethland
88,Andrea,Roberts,andrea.roberts@yahoo.com,(925)283-1323,2024-11-29,Tannerside
89,David,Henson,david.henson@gmail.com,767-486-6912x5177,2025-10-26,Port Tammy
90,Ryan,Bartlett,RYAN.BARTLETT@GMAIL.COM,682-342-2535,2024-09-19,Davidport
91,Christina  ,Davis,christina.davis@hotmail.com,(299)222-9959,2024-06-03,Debrashire
92,Robert,Fowler,robert.fowler@yahoo.com,+1-884-947-3647x1027,2025-02-03,Catherinemouth
93,Michelle,Flores,michelle.flores@yahoo.com,(425)388-1537x1473,2024-05-14,Linchester
94,John,Grimes,john.grimes@gmail.com,995-532-7877x47016,2024-08-27,Brandonport
95,Troy,Khan,TROY.KHAN@HOTMAIL.COM,+1-274-580-1624x56506,2024-11-30,Charleshaven
96,Shannon,Pierce,shannon.pierce@hotmail.com,+1-891-221-6558x52398,2024-05-11,Lake Mason
97,Thomas,Bryant,thomas.bryant@hotmail.com,925.695.2694x95888,2025-02-10,West Markville
98,Tina  ,Silva,tina.silva@hotmail.com,001-809-474-9930x972,2025-09-20,North Ashley
99,Jackie,Lee,jackie.lee@yahoo.com,762-963-6897x02838,2025-03-14,Suemouth
100,Rhonda,Peterson,RHONDA.PETERSON@YAHOO.COM,+1-749-973-3484x34437,2024-11-21,Keithshire
101,Erica,James,erica.james@yahoo.com,(624)604-1574x733,2024-07-08,East Brent
102,Rebecca,Perez,rebecca.perez@gmail.com,4168571208,2025-06-04,Woodsborough
103,Katelyn,Mitchell,katelyn.mitchell@yahoo.com,+1-401-693-8026x2067,2025-10-25,West Ashleyville
104,Sarah,Rogers,sarah.rogers@yahoo.com,+1-688-472-8743x1527,2024-04-21,Krystalshire
105,Emily  ,Lee,EMILY.LEE@HOTMAIL.COM,+1-266-685-1612x2753,2024-12-13,Molinamouth
106,Kevin,Sharp,kevin.sharp@gmail.com,653-701-7426x841,2025-05-10,East Timothy
107,Spencer,Zhang,spencer.zhang@yahoo.com,(387)283-3918x78519,2025-09-25,New Amanda
108,Franklin,Bond,franklin.bond@yahoo.com,439-871-8707,2025-01-29,New Stevenport
109,Jennifer,Foster,jennifer.foster@gmail.com,001-639-810-6518x0170,2024-08-05,Port Darlene
110,Jessica,Stuart,JESSICA.STUART@YAHOO.COM,(476)561-8251x2868,2025-09-29,West Stevenside
111,Roger,Gray,roger.gray@gmail.com,275.524.3106,2024-08-22,New Arthurton
112,John  ,Williams,john.williams@yahoo.com,783.702.8439,2024-09-10,Lake Adriana
113,Robert,Hill,robert.hill@hotmail.com,001-726-887-0568,2024-12-29,Nicholasside
114,Thomas,Atkinson,thomas.atkinson@yahoo.com,001-627-508-6688x263,2024-11-09,South Melanieland
115,Amanda,Calderon,AMANDA.CALDERON@GMAIL.COM,769-690-1398x373,2025-12-16,East Sharonville
116,Julie,Webster,julie.webster@gmail.com,001-693-663-8546x785,2024-11-28,Owensfort
117,Kathleen,Flores,kathleen.flores@gmail.com,(856)609-3204x899,2024-07-18,Jerryshire
118,Martha,Porter,martha.porter@hotmail.com,+1-254-277-7252x28728,2025-10-01,Port Elizabethtown
119,Robert  ,Kirby,robert.kirby@gmail.com,920-938-7509,2024-04-22,Smithhaven
120,Jennifer,Nichols,JENNIFER.NICHOLS@YAHOO.COM,5866211823,2025-09-16,Lauraland
121,Nathan,Sullivan,nathan.sullivan@hotmail.com,934.210.1666,2025-05-25,North Vincent
122,Ryan,Mueller,ryan.mueller@hotmail.com,380-633-9740,2025-11-09,East Sarahmouth
123,Alexis,Clark,alexis.clark@gmail.com,001-761-242-9396x85621,2024-06-13,Port Charles
124,Cassie,Austin,cassie.austin@hotmail.com,(850)347-7358x6629,2025-08-19,Laurenland
125,Christopher,Moore,CHRISTOPHER.MOORE@HOTMAIL.COM,+1-426-355-1104x7541,2024-08-10,Hawkinshaven
126,Ricky  ,Johnson,ricky.johnson@yahoo.com,+1-819-395-6046,2025-07-20,New Adriana
127,Gina,Jackson,gina.jackson@yahoo.com,647-521-2646x4715,2025-07-18,Wheelerborough
128,Stephen,Taylor,stephen.taylor@gmail.com,(559)965-7569x2459,2024-10-30,Novakport
129,Jessica,Chen,jessica.chen@hotmail.com,456.246.5193,2025-12-13,Hahnborough
130,Samuel,Carter,SAMUEL.CARTER@HOTMAIL.COM,867-324-3426,2025-01-24,Aguilarside
131,William,Knapp,william.knapp@hotmail.com,(880)758-9113x52909,2025-12-22,Rodriguezville
132,Jonathan,Dixon,jonathan.dixon@hotmail.com,+1-499-737-5679,2026-01-11,Garciachester
133,Samantha  ,Miller,samantha.miller@hotmail.com,(954)357-3875,2025-01-17,Floresport
134,Bradley,Page,bradley.page@gmail.com,412-438-2825x86736,2025-05-27,Fosterborough
135,Shannon,Jordan,SHANNON.JORDAN@GMAIL.COM,001-933-341-9182x553,2024-09-27,Rosemouth
136,Candice,Carr,candice.carr@hotmail.com,355-479-2499,2024-10-29,West Daryl
137,Nathaniel,Thomas,nathaniel.thomas@yahoo.com,(492)496-6278x28274,2024-10-30,Harveystad
138,Stephanie,Washington,stephanie.washington@gmail.com,(588)676-7677x2190,2024-05-02,New Keith
139,Kimberly,Cunningham,kimberly.cunningham@yahoo.com,+1-281-991-4858,2025-03-28,Garciabury
140,Kenneth  ,Kidd,KENNETH.KIDD@YAHOO.COM,451-571-3395x962,2025-09-15,New Michaelview
141,Candice,Jackson,candice.jackson@hotmail.com,449-748-1260x4223,2025-09-25,Burnsshire
142,Cynthia,Burton,cynthia.burton@yahoo.com,311.968.4577x590,2025-05-23,Melissaside
143,Raymond,Donaldson,raymond.donaldson@gmail.com,345.945.8929x7500,2024-04-22,South Stephen
144,Victoria,Patterson,victoria.patterson@hotmail.com,(442)241-5415,2024-12-22,Jessicabury
145,Ruben,Davis,RUBEN.DAVIS@GMAIL.COM,2372129387,2025-07-01,Port Robertberg
146,Tim,Perez,tim.perez@gmail.com,001-211-455-4262x2189,2025-01-19,Lake Kaitlin
147,Samantha  ,Jensen,samantha.jensen@yahoo.com,711.421.9656,2024-09-17,East Angelaport
148,Kimberly,Vaughn,kimberly.vaughn@hotmail.com,538-998-3640x3761,2025-05-26,New Pamelatown
149,Valerie,Peck,valerie.peck@gmail.com,(596)258-2710x9104,2025-11-24,Hunterhaven
150,Katie,Henderson,KATIE.HENDERSON@YAHOO.COM,588-492-4141,2025-03-21,Willisland
151,Kyle,Kim,kyle.kim@gmail.com,6314617990,2024-06-27,Lake Alexander
152,Tyler,Reed,tyler.reed@hotmail.com,001-642-352-4105x6481,2025-02-24,Brianshire
153,Garrett,Moore,garrett.moore@gmail.com,001-913-780-0030,2024-12-13,East Sarah
154,Meredith  ,Tran,meredith.tran@hotmail.com,001-263-453-6541x9518,2024-09-02,South Caseymouth
155,Michelle,Ayala,MICHELLE.AYALA@YAHOO.COM,918-570-5349x49375,2025-07-25,East Adam
156,Robert,Hall,robert.hall@yahoo.com,+1-405-606-4138x3670,2024-06-10,Port April
157,Jaclyn,Watson,jaclyn.watson@hotmail.com,291-882-6199,2025-06-10,East Kelly
158,Melissa,Howe,melissa.howe@yahoo.com,001-355-474-3132x912,2025-01-25,Richardside
159,Michael,Townsend,michael.townsend@yahoo.com,574-711-2490x3521,2024-12-21,Lake Kentburgh
160,Anthony,Sullivan,ANTHONY.SULLIVAN@YAHOO.COM,+1-283-517-1210,2024-07-04,Watsonland
161,Brandi  ,Green,brandi.green@gmail.com,9132721510,2024-07-28,Underwoodfurt
162,Tyler,Reyes,tyler.reyes@yahoo.com,(553)624-4720,2025-02-25,Brownview
163,Patrick,Barnes,patrick.barnes@hotmail.com,638.406.5787x59856,2024-04-28,North Paula
164,Kimberly,Brown,kimberly.brown@yahoo.com,759.432.1334x80396,2024-08-02,Lindastad
165,Robin,Johnson,ROBIN.JOHNSON@HOTMAIL.COM,(399)229-3784x270,2024-09-08,North Alisha
166,Aaron,Hardin,aaron.hardin@gmail.com,(352)750-0292,2025-12-18,Janetfurt
167,Brenda,Rogers,brenda.rogers@yahoo.com,(526)475-2895,2024-12-10,Davidtown
168,Stacy  ,Fry,stacy.fry@yahoo.com,001-590-729-5939x17251,2026-01-01,Lake Nicole
169,Christopher,Fletcher,christopher.fletcher@hotmail.com,001-857-904-3315x4100,2025-07-25,South Trevor
170,Nicholas,Payne,NICHOLAS.PAYNE@GMAIL.COM,793.427.1040x5411,2025-11-02,Lake Charles
171,Shelly,Spence,shelly.spence@yahoo.com,+1-597-506-2962x015,2024-12-30,Donnaport
172,John,Williams,john.williams@hotmail.com,+1-972-505-0614,2024-06-13,East Danielle
173,Tiffany,Wells,tiffany.wells@gmail.com,967-274-1862x5652,2024-09-27,Bakerview
174,Anne,Hernandez,anne.hernandez@hotmail.com,+1-911-558-6938x06868,2025-02-11,South Raventon
175,Wayne  ,Lester,WAYNE.LESTER@HOTMAIL.COM,+1-592-417-2233x20616,2025-09-28,Luisland
176,Christopher,Hawkins,christopher.hawkins@hotmail.com,348-370-9986x16229,2025-04-07,Port Justinside
177,Nicole,Humphrey,nicole.humphrey@yahoo.com,(279)897-0246x2996,2025-11-03,Hannahton
178,Julie,Mccall,julie.mccall@yahoo.com,6549447132,2025-08-21,Josephchester
179,Cassidy,Davis,cassidy.davis@yahoo.com,667.885.0821,2024-07-07,East Jamesborough
180,Mary,Wright,MARY.WRIGHT@YAHOO.COM,2535457861,2024-12-06,Thompsonfort
181,Brenda,Bailey,brenda.bailey@gmail.com,614-806-0293x333,2025-03-07,South Rhondaburgh
182,Carolyn  ,Smith,carolyn.smith@yahoo.com,+1-844-366-5743x748,2024-04-16,Annaport
183,Kenneth,Rodriguez,kenneth.rodriguez@gmail.com,445-244-4328x30965,2025-06-06,Jordanchester
184,Richard,Doyle,richard.doyle@hotmail.com,001-493-653-8758x428,2024-06-13,Lake Jonathan
185,Lindsey,Hines,LINDSEY.HINES@GMAIL.COM,+1-351-935-3465x54947,2024-05-16,South Pamelahaven
186,David,Becker,david.becker@hotmail.com,360-922-3569x7252,2024-11-11,West Cynthia
187,Adam,Hill,adam.hill@gmail.com,001-827-912-9666,2024-12-13,New Jamesstad
188,Stephanie,Mcclain,stephanie.mcclain@hotmail.com,800.633.5421,2024-07-28,West Stacymouth
189,Jessica  ,Carlson,jessica.carlson@yahoo.com,(425)375-3260x33230,2024-12-02,South Nancyview
190,Kelsey,Dean,KELSEY.DEAN@HOTMAIL.COM,6109016761,2025-07-05,Lake Gina
191,Albert,Fisher,albert.fisher@gmail.com,+1-984-599-2618x91411,2025-05-07,Marieborough
192,Michael,Ortiz,michael.ortiz@gmail.com,3873375300,2025-09-29,Hernandezland
193,Kimberly,Jones,kimberly.jones@hotmail.com,443-274-4701,2025-10-10,Lauriemouth
194,Ronald,Wilson,ronald.wilson@gmail.com,7227557941,2024-08-07,Rossmouth
195,Joseph,Cruz,JOSEPH.CRUZ@YAHOO.COM,(821)720-2169x79729,2025-05-08,South Samantha
196,Daniel  ,Jenkins,daniel.jenkins@gmail.com,345-808-9935,2025-06-10,South Michael
197,Erica,Cruz,erica.cruz@hotmail.com,+1-700-628-7721x753,2024-05-14,New Dawn
198,Richard,Young,richard.young@yahoo.com,897.217.7517x016,2025-04-04,Port Christopherport
199,Pamela,Hart,pamela.hart@hotmail.com,+1-375-350-3758x99757,2025-08-11,North Matthew
200,Maria,Brandt,MARIA.BRANDT@YAHOO.COM,+1-385-610-2726,2025-05-08,North Sarah
